"SUBJID"	"COUNTRY_SELF"
1972	"Albania"
2257	"Albania"
281	"Albania"
1730	"Albania"
1887	"Albania"
265	"Albania"
1674	"Albania"
802	"Albania"
1247	"Albania"
1849	"Austria"
1090	"Austria"
551	"Austria"
1073	"Austria"
501	"Austria"
1787	"Austria"
1842	"Austria"
1261	"Austria"
1331	"Austria"
1083	"Austria"
236	"Austria"
367	"Austria"
916	"Austria"
2059	"Austria"
1961	"Belgium"
1747	"Belgium"
862	"Belgium"
892	"Belgium"
1620	"Belgium"
1399	"Belgium"
1847	"Belgium"
477	"Belgium"
581	"Belgium"
427	"Belgium"
442	"Belgium"
1180	"Belgium"
1156	"Belgium"
126	"Belgium"
1471	"Belgium"
1535	"Belgium"
1772	"Belgium"
727	"Belgium"
2016	"Belgium"
1300	"Belgium"
506	"Belgium"
2013	"Belgium"
1543	"Belgium"
3	"Belgium"
2174	"Belgium"
651	"Belgium"
73	"Belgium"
1867	"Belgium"
1927	"Belgium"
642	"Belgium"
290	"Belgium"
2107	"Belgium"
784	"Belgium"
609	"Belgium"
410	"Belgium"
1748	"Belgium"
984	"Belgium"
676	"Bosnia"
1540	"Bosnia"
1602	"Bosnia"
2239	"Bosnia"
1353	"Bosnia"
1948	"Bosnia"
1685	"Bosnia"
636	"Bosnia"
183	"Bosnia"
213	"Bulgaria"
1671	"Croatia"
790	"Croatia"
1873	"Croatia"
2027	"Croatia"
2061	"Croatia"
1144	"Croatia"
2211	"Croatia"
611	"Croatia"
1039	"Croatia"
1371	"Cyprus"
1863	"Cyprus"
966	"Cyprus"
1670	"Czech Republic"
667	"Czech Republic"
2015	"Czech Republic"
21	"Czech Republic"
843	"Czech Republic"
1002	"Czech Republic"
585	"Czech Republic"
2005	"Czech Republic"
715	"Czech Republic"
569	"Denmark"
719	"England"
2180	"England"
1805	"England"
1259	"England"
743	"England"
63	"England"
1219	"England"
1760	"England"
304	"England"
25	"England"
2181	"England"
1575	"England"
1211	"England"
1206	"England"
1905	"England"
1365	"England"
2230	"England"
1763	"England"
1875	"England"
61	"England"
2175	"England"
1696	"England"
1026	"Finland"
1799	"France"
1918	"France"
643	"France"
9	"France"
1087	"France"
863	"France"
1749	"France"
1035	"France"
972	"France"
2101	"France"
2178	"France"
1401	"France"
1130	"France"
1279	"France"
317	"France"
626	"France"
1951	"France"
2219	"France"
1593	"France"
2084	"France"
300	"France"
828	"France"
1349	"France"
1350	"France"
2064	"France"
1737	"France"
57	"France"
2253	"France"
471	"France"
1163	"France"
1701	"France"
607	"France"
75	"France"
1262	"France"
2194	"France"
1310	"France"
688	"France"
747	"France"
240	"France"
1886	"France"
1964	"France"
835	"France"
226	"France"
1668	"France"
1627	"France"
289	"France"
1194	"France"
564	"France"
685	"France"
159	"France"
1304	"France"
1835	"France"
1775	"France"
1215	"France"
2002	"France"
762	"France"
421	"France"
1865	"France"
1030	"France"
325	"France"
1047	"France"
525	"France"
545	"France"
1374	"France"
2049	"France"
927	"France"
1870	"France"
1756	"France"
2036	"France"
100	"France"
1297	"France"
1929	"France"
911	"France"
241	"France"
706	"France"
648	"France"
1446	"France"
1414	"France"
1197	"France"
721	"France"
2108	"France"
1199	"France"
1085	"France"
1264	"France"
54	"France"
1986	"France"
1141	"Germany"
1078	"Germany"
1561	"Germany"
1434	"Germany"
567	"Germany"
687	"Germany"
1355	"Germany"
224	"Germany"
279	"Germany"
4	"Germany"
1392	"Germany"
1200	"Germany"
1879	"Germany"
881	"Germany"
817	"Germany"
166	"Germany"
961	"Germany"
295	"Germany"
1988	"Germany"
716	"Germany"
1571	"Germany"
1841	"Germany"
1779	"Germany"
328	"Germany"
172	"Germany"
1893	"Germany"
552	"Germany"
2124	"Germany"
395	"Germany"
1924	"Germany"
2071	"Germany"
251	"Germany"
109	"Germany"
1662	"Germany"
1909	"Germany"
1288	"Germany"
151	"Germany"
336	"Germany"
1788	"Germany"
1519	"Germany"
381	"Germany"
326	"Germany"
1106	"Germany"
2207	"Germany"
967	"Germany"
1857	"Germany"
1576	"Germany"
1973	"Germany"
34	"Germany"
409	"Germany"
2198	"Germany"
1584	"Germany"
1481	"Germany"
1062	"Germany"
1603	"Germany"
1551	"Germany"
1844	"Germany"
6	"Germany"
371	"Germany"
922	"Germany"
1753	"Germany"
942	"Germany"
156	"Germany"
1640	"Germany"
239	"Germany"
405	"Germany"
2203	"Germany"
1738	"Germany"
1853	"Germany"
1431	"Germany"
1228	"Germany"
297	"Greece"
915	"Greece"
1181	"Greece"
639	"Greece"
1160	"Greece"
45	"Hungary"
459	"Hungary"
2146	"Hungary"
1757	"Hungary"
1041	"Hungary"
1517	"Hungary"
1059	"Hungary"
1475	"Hungary"
231	"Hungary"
1995	"Hungary"
1360	"Hungary"
612	"Hungary"
1970	"Hungary"
245	"Hungary"
873	"Hungary"
1032	"Hungary"
772	"Hungary"
113	"Hungary"
1975	"Hungary"
437	"Ireland"
888	"Ireland"
275	"Ireland"
500	"Ireland"
507	"Ireland"
1356	"Ireland"
1396	"Ireland"
327	"Ireland"
527	"Ireland"
1544	"Ireland"
973	"Ireland"
1292	"Ireland"
1221	"Ireland"
242	"Ireland"
1505	"Ireland"
2247	"Ireland"
1235	"Ireland"
1567	"Ireland"
937	"Ireland"
1411	"Ireland"
85	"Ireland"
1273	"Ireland"
1633	"Ireland"
230	"Ireland"
787	"Ireland"
1851	"Ireland"
1969	"Ireland"
1766	"Ireland"
1266	"Ireland"
223	"Ireland"
1885	"Ireland"
1403	"Ireland"
1095	"Ireland"
93	"Ireland"
252	"Ireland"
1780	"Ireland"
1413	"Ireland"
127	"Ireland"
2218	"Ireland"
848	"Ireland"
388	"Ireland"
1171	"Ireland"
141	"Ireland"
35	"Ireland"
2063	"Ireland"
1452	"Ireland"
1441	"Ireland"
1583	"Ireland"
2011	"Ireland"
1708	"Ireland"
1088	"Ireland"
824	"Ireland"
1203	"Ireland"
949	"Ireland"
450	"Ireland"
945	"Ireland"
285	"Ireland"
1526	"Ireland"
210	"Ireland"
1477	"Ireland"
2217	"Italy"
1293	"Italy"
1974	"Italy"
1133	"Italy"
533	"Italy"
119	"Italy"
998	"Italy"
1153	"Italy"
1451	"Italy"
219	"Italy"
1366	"Italy"
1056	"Italy"
176	"Italy"
2087	"Italy"
575	"Italy"
595	"Italy"
1686	"Italy"
900	"Italy"
1581	"Italy"
91	"Italy"
1489	"Italy"
2116	"Italy"
1337	"Italy"
1613	"Italy"
1784	"Italy"
1395	"Italy"
2155	"Italy"
1142	"Italy"
640	"Italy"
1516	"Italy"
752	"Italy"
1935	"Italy"
1053	"Italy"
423	"Italy"
470	"Italy"
2149	"Italy"
1895	"Italy"
899	"Italy"
380	"Italy"
1953	"Italy"
1191	"Italy"
1928	"Italy"
415	"Italy"
712	"Italy"
293	"Italy"
914	"Italy"
1248	"Italy"
1188	"Italy"
116	"Italy"
436	"Italy"
1412	"Italy"
812	"Italy"
468	"Italy"
1902	"Italy"
2086	"Italy"
1187	"Italy"
627	"Italy"
393	"Italy"
1712	"Italy"
1989	"Italy"
451	"Italy"
1739	"Italy"
1821	"Italy"
684	"Italy"
101	"Italy"
147	"Italy"
311	"Italy"
724	"Italy"
2159	"Italy"
1531	"Italy"
322	"Italy"
599	"Italy"
225	"Italy"
981	"Italy"
1222	"Italy"
1545	"Italy"
1624	"Italy"
2094	"Italy"
1072	"Italy"
1966	"Italy"
203	"Italy"
110	"Italy"
259	"Italy"
157	"Italy"
200	"Italy"
1934	"Italy"
504	"Italy"
249	"Italy"
1609	"Italy"
546	"Italy"
1744	"Italy"
1212	"Italy"
1614	"Italy"
692	"Italy"
2183	"Italy"
148	"Italy"
1450	"Italy"
192	"Italy"
133	"Italy"
831	"Italy"
455	"Italy"
364	"Italy"
382	"Italy"
1846	"Italy"
657	"Italy"
1767	"Italy"
2238	"Italy"
356	"Italy"
1752	"Italy"
587	"Italy"
1492	"Italy"
572	"Italy"
49	"Italy"
1251	"Italy"
2133	"Italy"
1189	"Italy"
266	"Italy"
2051	"Italy"
693	"Italy"
369	"Italy"
713	"Italy"
768	"Italy"
2026	"Italy"
1742	"Italy"
1703	"Italy"
2048	"Italy"
1010	"Italy"
428	"Italy"
13	"Italy"
122	"Italy"
616	"Italy"
2041	"Italy"
20	"Italy"
1131	"Italy"
70	"Italy"
1992	"Italy"
758	"Italy"
2053	"Italy"
1800	"Italy"
1284	"Italy"
1255	"Italy"
2232	"Italy"
1700	"Italy"
1538	"Italy"
1786	"Italy"
1364	"Italy"
2024	"Italy"
1430	"Italy"
901	"Italy"
1000	"Italy"
1007	"Italy"
560	"Italy"
1068	"Italy"
1373	"Italy"
875	"Italy"
1478	"Italy"
1532	"Italy"
2197	"Italy"
1750	"Italy"
1379	"Italy"
111	"Italy"
493	"Italy"
1178	"Italy"
1263	"Italy"
781	"Italy"
954	"Italy"
641	"Italy"
1440	"Italy"
943	"Italy"
1285	"Italy"
416	"Italy"
1751	"Italy"
785	"Italy"
1299	"Italy"
965	"Italy"
894	"Italy"
1524	"Italy"
209	"Italy"
742	"Italy"
41	"Italy"
1808	"Italy"
99	"Italy"
483	"Italy"
570	"Italy"
2222	"Italy"
2066	"Italy"
1416	"Italy"
2085	"Italy"
14	"Italy"
1537	"Italy"
2173	"Italy"
342	"Italy"
1639	"Italy"
1807	"Italy"
2202	"Italy"
586	"Italy"
1136	"Italy"
1175	"Italy"
1391	"Italy"
1258	"Italy"
2170	"Italy"
1607	"Italy"
1920	"Italy"
655	"Italy"
197	"Italy"
2177	"Italy"
836	"Italy"
690	"Italy"
1115	"Italy"
618	"Italy"
791	"Italy"
1631	"Italy"
215	"Italy"
186	"Kosovo"
1423	"Kosovo"
1812	"Kosovo"
1176	"Kosovo"
324	"Kosovo"
1217	"Kosovo"
1129	"Kosovo"
1195	"Kosovo"
2095	"Kosovo"
193	"Kosovo"
766	"Kosovo"
170	"Kosovo"
509	"Kosovo"
321	"Kosovo"
1467	"Kosovo"
472	"Latvia"
234	"Macedonia"
1723	"Macedonia"
748	"Macedonia"
1621	"Macedonia"
1983	"Montenegro"
1362	"Netherlands"
2025	"Netherlands"
1344	"Netherlands"
1606	"Netherlands"
305	"Netherlands"
1824	"Netherlands"
1332	"Netherlands"
1064	"Netherlands"
794	"Netherlands"
484	"Netherlands"
524	"Netherlands"
1832	"Netherlands"
318	"Netherlands"
906	"Netherlands"
479	"Netherlands"
2089	"Netherlands"
1651	"Netherlands"
495	"Norway"
1205	"Norway"
2201	"Poland"
2249	"Poland"
813	"Poland"
764	"Poland"
1663	"Poland"
1597	"Poland"
480	"Poland"
1649	"Poland"
1731	"Poland"
406	"Poland"
1595	"Poland"
1464	"Poland"
1958	"Poland"
856	"Poland"
1589	"Poland"
1338	"Poland"
678	"Poland"
2169	"Poland"
1241	"Poland"
1514	"Poland"
1301	"Poland"
1277	"Poland"
80	"Portugal"
489	"Portugal"
1109	"Portugal"
869	"Portugal"
1118	"Portugal"
982	"Portugal"
1645	"Portugal"
868	"Portugal"
1513	"Portugal"
404	"Portugal"
544	"Portugal"
1500	"Portugal"
1092	"Portugal"
360	"Portugal"
1882	"Portugal"
1393	"Portugal"
84	"Portugal"
499	"Portugal"
1793	"Portugal"
826	"Portugal"
797	"Portugal"
178	"Portugal"
2040	"Portugal"
490	"Portugal"
229	"Portugal"
401	"Portugal"
214	"Portugal"
1294	"Portugal"
169	"Portugal"
1528	"Portugal"
2167	"Portugal"
1690	"Portugal"
1361	"Portugal"
1400	"Portugal"
112	"Portugal"
2141	"Portugal"
1271	"Portugal"
1776	"Portugal"
917	"Portugal"
60	"Portugal"
2022	"Portugal"
1237	"Portugal"
1008	"Portugal"
571	"Portugal"
2188	"Portugal"
1612	"Portugal"
1555	"Portugal"
1637	"Portugal"
1318	"Portugal"
413	"Portugal"
1216	"Portugal"
1943	"Portugal"
919	"Portugal"
1417	"Portugal"
2069	"Portugal"
1785	"Portugal"
2073	"Portugal"
299	"Portugal"
1147	"Portugal"
1636	"Portugal"
1654	"Portugal"
1376	"Portugal"
1387	"Portugal"
1190	"Portugal"
683	"Portugal"
1240	"Portugal"
1498	"Portugal"
196	"Portugal"
633	"Portugal"
1596	"Portugal"
270	"Portugal"
195	"Portugal"
2104	"Portugal"
2235	"Portugal"
991	"Portugal"
365	"Portugal"
1209	"Portugal"
1949	"Portugal"
2171	"Portugal"
2128	"Portugal"
1390	"Portugal"
2029	"Portugal"
934	"Portugal"
1339	"Portugal"
1017	"Portugal"
1816	"Portugal"
1326	"Portugal"
414	"Portugal"
1040	"Portugal"
1707	"Portugal"
1079	"Portugal"
932	"Portugal"
202	"Portugal"
2228	"Portugal"
1315	"Portugal"
1904	"Portugal"
806	"Portugal"
1993	"Portugal"
67	"Portugal"
1553	"Portugal"
1120	"Portugal"
1684	"Portugal"
2223	"Portugal"
1978	"Portugal"
253	"Portugal"
514	"Portugal"
663	"Portugal"
2196	"Portugal"
439	"Portugal"
1378	"Portugal"
677	"Portugal"
19	"Portugal"
535	"Portugal"
1204	"Portugal"
1005	"Portugal"
2009	"Romania"
2213	"Romania"
1238	"Romania"
1029	"Romania"
1024	"Romania"
638	"Romania"
1699	"Romania"
559	"Romania"
613	"Romania"
105	"Romania"
1135	"Romania"
989	"Romania"
1646	"Romania"
1213	"Romania"
577	"Russia"
1764	"Russia"
1906	"Russia"
604	"Russia"
15	"Russia"
746	"Russia"
573	"Scotland"
1547	"Scotland"
1	"Scotland"
1578	"Scotland"
1508	"Scotland"
1236	"Serbia"
2130	"Serbia"
754	"Serbia"
756	"Serbia"
890	"Serbia"
1428	"Serbia"
1280	"Serbia"
988	"Serbia"
1691	"Serbia"
2122	"Serbia"
2052	"Serbia"
913	"Slovakia"
248	"Slovenia"
307	"Slovenia"
1159	"Spain"
579	"Spain"
1184	"Spain"
320	"Spain"
1941	"Spain"
1710	"Spain"
2010	"Spain"
2021	"Spain"
517	"Spain"
446	"Spain"
400	"Spain"
1587	"Spain"
96	"Spain"
2200	"Spain"
1834	"Spain"
2158	"Spain"
534	"Spain"
2216	"Spain"
1755	"Spain"
392	"Spain"
2190	"Spain"
1104	"Spain"
349	"Spain"
125	"Spain"
880	"Spain"
2176	"Spain"
528	"Spain"
357	"Spain"
623	"Spain"
1016	"Spain"
1960	"Spain"
664	"Spain"
1510	"Spain"
556	"Spain"
42	"Spain"
1108	"Spain"
769	"Spain"
821	"Spain"
842	"Spain"
1501	"Spain"
181	"Spain"
822	"Spain"
1493	"Spain"
819	"Spain"
565	"Spain"
591	"Spain"
1161	"Spain"
2145	"Spain"
1883	"Spain"
2035	"Spain"
1432	"Spain"
397	"Spain"
1840	"Spain"
2147	"Spain"
464	"Spain"
1803	"Spain"
2186	"Spain"
2229	"Spain"
904	"Spain"
1013	"Spain"
952	"Spain"
2255	"Spain"
87	"Spain"
359	"Spain"
1103	"Spain"
106	"Spain"
220	"Spain"
1891	"Spain"
2113	"Spain"
64	"Spain"
884	"Spain"
1021	"Spain"
1991	"Spain"
1278	"Spain"
2020	"Spain"
161	"Spain"
2050	"Spain"
1550	"Spain"
1447	"Spain"
935	"Spain"
1319	"Spain"
2033	"Spain"
1718	"Spain"
117	"Spain"
1369	"Spain"
353	"Spain"
864	"Spain"
1681	"Spain"
2204	"Spain"
833	"Spain"
246	"Spain"
1912	"Spain"
255	"Spain"
550	"Spain"
474	"Spain"
1996	"Spain"
211	"Spain"
792	"Spain"
494	"Spain"
313	"Spain"
1433	"Spain"
1243	"Spain"
149	"Spain"
1476	"Spain"
1198	"Spain"
1709	"Spain"
997	"Spain"
1490	"Spain"
1242	"Spain"
1504	"Spain"
1896	"Spain"
955	"Spain"
97	"Spain"
1560	"Spain"
620	"Spain"
1170	"Spain"
368	"Spain"
2131	"Spain"
387	"Spain"
1740	"Spain"
323	"Spain"
1864	"Spain"
877	"Spain"
1665	"Spain"
1291	"Spain"
1281	"Spain"
445	"Spain"
1546	"Spain"
1605	"Spain"
1192	"Spain"
1745	"Sweden"
992	"Sweden"
1107	"Sweden"
302	"Sweden"
2163	"Sweden"
329	"Sweden"
1067	"Sweden"
1617	"Sweden"
28	"Sweden"
686	"Sweden"
466	"Swiss French"
1725	"Swiss French"
2092	"Swiss French"
1358	"Swiss French"
1819	"Swiss French"
408	"Swiss French"
647	"Swiss French"
2251	"Swiss French"
198	"Swiss French"
757	"Swiss French"
1375	"Swiss French"
1783	"Swiss French"
18	"Swiss French"
1794	"Swiss French"
652	"Swiss French"
1881	"Swiss French"
1652	"Swiss French"
1372	"Swiss French"
1626	"Swiss French"
541	"Swiss French"
1743	"Swiss French"
1923	"Swiss French"
1608	"Swiss French"
120	"Swiss French"
1938	"Swiss French"
2056	"Swiss French"
557	"Swiss French"
990	"Swiss French"
940	"Swiss French"
341	"Swiss French"
950	"Swiss French"
68	"Swiss French"
1914	"Swiss French"
1765	"Swiss French"
926	"Swiss French"
1558	"Swiss French"
90	"Swiss French"
1515	"Swiss French"
190	"Swiss French"
79	"Swiss French"
58	"Swiss French"
309	"Swiss French"
946	"Swiss French"
767	"Swiss French"
37	"Swiss French"
331	"Swiss French"
1482	"Swiss French"
1809	"Swiss French"
1283	"Swiss French"
2231	"Swiss French"
1655	"Swiss French"
574	"Swiss French"
1778	"Swiss French"
2044	"Swiss French"
1438	"Swiss French"
1125	"Swiss French"
1377	"Swiss French"
1877	"Swiss French"
167	"Swiss French"
1727	"Swiss French"
729	"Swiss French"
1506	"Swiss French"
2151	"Swiss French"
1486	"Swiss French"
1900	"Swiss French"
761	"Swiss French"
412	"Swiss French"
1316	"Swiss French"
1940	"Swiss French"
542	"Swiss French"
968	"Swiss French"
497	"Swiss French"
515	"Swiss French"
675	"Swiss French"
1207	"Swiss French"
2241	"Swiss French"
898	"Swiss French"
2137	"Swiss French"
498	"Swiss French"
1522	"Swiss French"
1253	"Swiss French"
1968	"Swiss French"
274	"Swiss French"
424	"Swiss French"
1098	"Swiss French"
370	"Swiss French"
273	"Swiss French"
1911	"Swiss French"
710	"Swiss French"
2233	"Swiss French"
1487	"Swiss French"
160	"Swiss French"
553	"Swiss French"
878	"Swiss French"
722	"Swiss French"
1871	"Swiss French"
845	"Swiss French"
1503	"Swiss French"
659	"Swiss French"
312	"Swiss French"
1695	"Swiss French"
233	"Swiss French"
1722	"Swiss French"
1796	"Swiss French"
1386	"Swiss French"
670	"Swiss French"
918	"Swiss French"
184	"Swiss French"
1055	"Swiss French"
1015	"Swiss French"
1113	"Swiss French"
163	"Swiss French"
665	"Swiss French"
1768	"Swiss French"
511	"Swiss French"
306	"Swiss French"
779	"Swiss French"
1169	"Swiss French"
1872	"Swiss French"
221	"Swiss French"
1977	"Swiss French"
2047	"Swiss French"
1025	"Swiss French"
26	"Swiss French"
1955	"Swiss French"
153	"Swiss French"
632	"Swiss French"
740	"Swiss French"
644	"Swiss French"
98	"Swiss French"
1623	"Swiss French"
1022	"Swiss French"
658	"Swiss French"
2125	"Swiss French"
964	"Swiss French"
2074	"Swiss French"
1981	"Swiss French"
777	"Swiss French"
348	"Swiss French"
5	"Swiss French"
780	"Swiss French"
1063	"Swiss French"
975	"Swiss French"
2236	"Swiss French"
751	"Swiss French"
987	"Swiss French"
1354	"Swiss French"
2082	"Swiss French"
1443	"Swiss French"
31	"Swiss French"
2242	"Swiss French"
36	"Swiss French"
1257	"Swiss French"
1006	"Swiss French"
1494	"Swiss French"
1818	"Swiss French"
1734	"Swiss French"
1335	"Swiss French"
660	"Swiss French"
1643	"Swiss French"
1901	"Swiss French"
624	"Swiss French"
1802	"Swiss French"
124	"Swiss French"
776	"Swiss French"
1985	"Swiss French"
377	"Swiss French"
1345	"Swiss French"
694	"Swiss French"
907	"Swiss French"
431	"Swiss French"
562	"Swiss French"
1656	"Swiss French"
834	"Swiss French"
617	"Swiss French"
390	"Swiss French"
871	"Swiss French"
1789	"Swiss French"
1496	"Swiss French"
1979	"Swiss French"
292	"Swiss French"
134	"Swiss French"
1260	"Swiss French"
92	"Swiss French"
1480	"Swiss French"
637	"Swiss French"
861	"Swiss French"
1048	"Swiss French"
963	"Swiss French"
1839	"Swiss French"
1155	"Swiss French"
2110	"Swiss French"
2075	"Swiss French"
1287	"Swiss French"
939	"Swiss French"
540	"Swiss French"
2199	"Swiss French"
296	"Swiss French"
646	"Swiss French"
522	"Swiss French"
418	"Swiss French"
1937	"Swiss French"
969	"Swiss French"
340	"Swiss French"
1642	"Swiss French"
1942	"Swiss French"
430	"Swiss French"
1425	"Swiss French"
931	"Swiss French"
1173	"Swiss French"
893	"Swiss French"
1732	"Swiss French"
1089	"Swiss French"
2210	"Swiss French"
548	"Swiss French"
2243	"Swiss French"
1874	"Swiss French"
247	"Swiss French"
1866	"Swiss French"
941	"Swiss French"
1728	"Swiss French"
588	"Swiss French"
1445	"Swiss French"
656	"Swiss French"
1121	"Swiss French"
301	"Swiss French"
512	"Swiss French"
2245	"Swiss French"
102	"Swiss French"
1635	"Swiss French"
1790	"Swiss French"
1382	"Swiss French"
263	"Swiss French"
1388	"Swiss French"
152	"Swiss French"
1186	"Swiss French"
2156	"Swiss French"
1591	"Swiss French"
66	"Swiss French"
2172	"Swiss French"
40	"Swiss French"
578	"Swiss French"
1037	"Swiss French"
1950	"Swiss French"
50	"Swiss French"
44	"Swiss French"
1458	"Swiss French"
847	"Swiss French"
2096	"Swiss French"
1270	"Swiss French"
1837	"Swiss French"
268	"Swiss French"
1473	"Swiss French"
1777	"Swiss French"
1653	"Swiss French"
1598	"Swiss French"
1138	"Swiss French"
1172	"Swiss French"
1997	"Swiss French"
27	"Swiss French"
1511	"Swiss French"
132	"Swiss French"
516	"Swiss French"
999	"Swiss French"
417	"Swiss French"
1761	"Swiss French"
1469	"Swiss French"
319	"Swiss French"
630	"Swiss French"
1717	"Swiss French"
1127	"Swiss French"
378	"Swiss French"
188	"Swiss French"
532	"Swiss French"
1741	"Swiss French"
759	"Swiss French"
82	"Swiss French"
237	"Swiss French"
1822	"Swiss French"
1435	"Swiss French"
1232	"Swiss French"
1023	"Swiss French"
558	"Swiss French"
1705	"Swiss French"
1309	"Swiss French"
1563	"Swiss French"
666	"Swiss French"
2240	"Swiss French"
185	"Swiss French"
71	"Swiss French"
256	"Swiss French"
1252	"Swiss French"
1582	"Swiss French"
702	"Swiss French"
481	"Swiss French"
1254	"Swiss French"
1298	"Swiss French"
2032	"Swiss French"
860	"Swiss French"
908	"Swiss French"
1014	"Swiss French"
1093	"Swiss French"
1792	"Swiss French"
1042	"Swiss French"
1448	"Swiss French"
774	"Swiss French"
614	"Swiss French"
849	"Swiss French"
717	"Swiss French"
104	"Swiss French"
2120	"Swiss French"
1321	"Swiss French"
1616	"Swiss French"
1404	"Swiss French"
521	"Swiss French"
1509	"Swiss French"
536	"Swiss French"
362	"Swiss French"
718	"Swiss French"
2134	"Swiss French"
1082	"Swiss French"
778	"Swiss French"
2140	"Swiss French"
621	"Swiss French"
1470	"Swiss French"
1397	"Swiss French"
1342	"Swiss French"
1628	"Swiss French"
1139	"Swiss French"
1518	"Swiss French"
1442	"Swiss French"
714	"Swiss French"
947	"Swiss French"
1659	"Swiss French"
2195	"Swiss French"
187	"Swiss French"
770	"Swiss French"
1859	"Swiss French"
283	"Swiss French"
980	"Swiss French"
1862	"Swiss French"
1488	"Swiss French"
596	"Swiss French"
162	"Swiss French"
298	"Swiss French"
386	"Swiss French"
1126	"Swiss French"
1672	"Swiss French"
1468	"Swiss French"
2148	"Swiss French"
1600	"Swiss French"
1268	"Swiss French"
807	"Swiss French"
872	"Swiss French"
375	"Swiss French"
582	"Swiss French"
314	"Swiss French"
597	"Swiss French"
625	"Swiss French"
2150	"Swiss French"
374	"Swiss French"
1491	"Swiss French"
1724	"Swiss French"
814	"Swiss French"
1641	"Swiss French"
460	"Swiss French"
1770	"Swiss French"
315	"Swiss French"
832	"Swiss French"
830	"Swiss French"
603	"Swiss French"
1890	"Swiss French"
1357	"Swiss French"
704	"Swiss French"
1947	"Swiss French"
1174	"Swiss French"
30	"Swiss French"
128	"Swiss French"
1638	"Swiss French"
1569	"Swiss French"
1773	"Swiss French"
38	"Swiss French"
2139	"Swiss French"
725	"Swiss French"
1057	"Swiss French"
1963	"Swiss French"
366	"Swiss French"
789	"Swiss French"
403	"Swiss French"
697	"Swiss French"
43	"Swiss French"
809	"Swiss French"
361	"Swiss French"
2162	"Swiss French"
1154	"Swiss French"
838	"Swiss French"
1341	"Swiss French"
280	"Swiss French"
938	"Swiss French"
2234	"Swiss French"
310	"Swiss French"
1998	"Swiss French"
634	"Swiss French"
970	"Swiss French"
277	"Swiss French"
2091	"Swiss French"
1795	"Swiss French"
653	"Swiss French"
1791	"Swiss French"
608	"Swiss French"
782	"Swiss French"
1980	"Swiss French"
1945	"Swiss French"
2189	"Swiss French"
1436	"Swiss French"
291	"Swiss French"
1231	"Swiss French"
2008	"Swiss French"
799	"Swiss French"
145	"Swiss French"
2142	"Swiss French"
56	"Swiss French"
977	"Swiss French"
1899	"Swiss French"
303	"Swiss French"
2080	"Swiss French"
1946	"Swiss French"
1132	"Swiss French"
829	"Swiss French"
1012	"Swiss French"
135	"Swiss French"
1031	"Swiss French"
983	"Swiss French"
1100	"Swiss French"
855	"Swiss French"
1733	"Swiss French"
518	"Swiss French"
1152	"Swiss French"
1111	"Swiss French"
1565	"Swiss French"
1359	"Swiss French"
1585	"Swiss French"
1811	"Swiss French"
1622	"Swiss French"
1329	"Swiss French"
1711	"Swiss French"
699	"Swiss French"
976	"Swiss French"
138	"Swiss French"
1101	"Swiss French"
17	"Swiss French"
1479	"Swiss French"
2000	"Swiss French"
1541	"Swiss French"
698	"Swiss French"
2206	"Swiss French"
1588	"Swiss French"
206	"Swiss French"
1692	"Swiss French"
1313	"Swiss French"
1051	"Swiss French"
1698	"Swiss French"
2161	"Swiss French"
108	"Swiss French"
350	"Swiss French"
344	"Swiss French"
1084	"Swiss French"
1363	"Swiss French"
1634	"Swiss French"
51	"Swiss French"
1234	"Swiss French"
2083	"Swiss French"
796	"Swiss French"
703	"Swiss French"
1462	"Swiss French"
851	"Swiss French"
1420	"Swiss French"
2179	"Swiss French"
1086	"Swiss French"
850	"Swiss French"
1286	"Swiss French"
1460	"Swiss French"
2042	"Swiss French"
1797	"Swiss French"
1049	"Swiss French"
1673	"Swiss French"
1218	"Swiss French"
994	"Swiss French"
222	"Swiss French"
286	"Swiss French"
1295	"Swiss French"
487	"Swiss French"
1880	"Swiss French"
208	"Swiss French"
1604	"Swiss French"
2109	"Swiss French"
2088	"Swiss French"
889	"Swiss French"
1894	"Swiss French"
857	"Swiss French"
1038	"Swiss French"
619	"Swiss French"
330	"Swiss French"
882	"Swiss French"
741	"Swiss French"
1956	"Swiss French"
520	"Swiss French"
2058	"Swiss French"
1272	"Swiss French"
205	"Swiss French"
282	"Swiss French"
1296	"Swiss French"
1422	"Swiss French"
733	"Swiss French"
1001	"Swiss French"
1075	"Swiss French"
1897	"Swiss French"
1559	"Swiss French"
576	"Swiss French"
1957	"Swiss French"
723	"Swiss French"
1383	"Swiss French"
2165	"Swiss French"
1675	"Swiss French"
944	"Swiss French"
2192	"Swiss French"
338	"Swiss French"
1650	"Swiss French"
1027	"Swiss French"
1250	"Swiss French"
1009	"Swiss French"
1060	"Swiss French"
803	"Swiss French"
1484	"Swiss French"
1829	"Swiss French"
1984	"Swiss French"
294	"Swiss French"
2078	"Swiss French"
1317	"Swiss French"
2227	"Swiss French"
379	"Swiss French"
800	"Swiss French"
212	"Swiss French"
1687	"Swiss French"
2039	"Swiss French"
1368	"Swiss French"
2252	"Swiss French"
1343	"Swiss French"
1930	"Swiss French"
486	"Swiss French"
1146	"Swiss French"
1351	"Swiss French"
707	"Swiss French"
432	"Swiss French"
2154	"Swiss French"
1716	"Swiss French"
1580	"Swiss French"
1827	"Swiss French"
1512	"Swiss French"
107	"Swiss French"
164	"Swiss French"
1552	"Swiss French"
1463	"Swiss French"
1167	"Swiss French"
345	"Swiss French"
1962	"Swiss French"
1536	"Swiss French"
385	"Swiss French"
2098	"Swiss French"
62	"Swiss French"
1525	"Swiss French"
469	"Swiss French"
1011	"Swiss French"
1590	"Swiss French"
308	"Swiss French"
2153	"Swiss French"
492	"Swiss French"
795	"Swiss French"
1308	"Swiss French"
258	"Swiss French"
227	"Swiss French"
709	"Swiss French"
933	"Swiss French"
530	"Swiss French"
1610	"Swiss French"
2076	"Swiss French"
793	"Swiss French"
739	"Swiss French"
1669	"Swiss French"
1223	"Swiss French"
1415	"Swiss French"
1227	"Swiss French"
1158	"Swiss French"
1907	"Swiss French"
669	"Swiss French"
1177	"Swiss French"
2106	"Swiss French"
1771	"Swiss French"
505	"Swiss French"
971	"Swiss French"
1314	"Swiss French"
2191	"Swiss French"
671	"Swiss French"
47	"Swiss French"
1971	"Swiss French"
441	"Swiss French"
1230	"Swiss French"
217	"Swiss French"
738	"Swiss French"
1735	"Swiss French"
2144	"Swiss French"
673	"Swiss French"
2185	"Swiss French"
1091	"Swiss French"
1549	"Swiss French"
1307	"Swiss French"
629	"Swiss French"
537	"Swiss French"
811	"Swiss French"
2068	"Swiss French"
1648	"Swiss French"
2187	"Swiss French"
1848	"Swiss French"
155	"Swiss French"
593	"Swiss French"
1020	"Swiss French"
837	"Swiss French"
1520	"Swiss French"
142	"Swiss French"
1454	"Swiss French"
1179	"Swiss French"
1586	"Swiss French"
2065	"Swiss French"
912	"Swiss French"
1405	"Swiss French"
1380	"Swiss French"
444	"Swiss French"
1069	"Swiss French"
1579	"Swiss French"
1245	"Swiss French"
1453	"Swiss French"
1806	"Swiss French"
531	"Swiss French"
879	"Swiss French"
650	"Swiss French"
260	"Swiss French"
52	"Swiss French"
1210	"Swiss French"
438	"Swiss French"
150	"Swiss French"
1746	"Swiss French"
508	"Swiss French"
1704	"Swiss French"
1311	"Swiss French"
1483	"Swiss French"
95	"Swiss French"
1925	"Swiss French"
1693	"Swiss French"
905	"Swiss French"
1149	"Swiss French"
1185	"Swiss French"
1916	"Swiss French"
606	"Swiss French"
1226	"Swiss French"
177	"Swiss French"
235	"Swiss French"
2093	"Swiss French"
1556	"Swiss French"
1566	"Swiss French"
384	"Swiss French"
447	"Swiss French"
1182	"Swiss French"
755	"Swiss French"
1869	"Swiss French"
1034	"Swiss French"
59	"Swiss French"
33	"Swiss French"
874	"Swiss French"
737	"Swiss French"
827	"Swiss French"
1888	"Swiss French"
1754	"Swiss French"
2254	"Swiss French"
735	"Swiss French"
2205	"Swiss French"
1601	"Swiss French"
960	"Swiss French"
1826	"Swiss French"
2115	"Swiss French"
1530	"Swiss French"
456	"Swiss French"
1096	"Swiss French"
1959	"Swiss French"
1151	"Swiss French"
11	"Swiss French"
1726	"Swiss French"
566	"Swiss French"
1499	"Swiss French"
1333	"Swiss French"
88	"Swiss French"
389	"Swiss French"
1529	"Swiss French"
1982	"Swiss French"
720	"Swiss French"
1122	"Swiss French"
1568	"Swiss French"
434	"Swiss French"
760	"Swiss French"
1112	"Swiss French"
32	"Swiss French"
744	"Swiss French"
191	"Swiss French"
775	"Swiss French"
1694	"Swiss French"
563	"Swiss French"
615	"Swiss French"
854	"Swiss French"
140	"Swiss French"
2143	"Swiss French"
343	"Swiss French"
750	"Swiss French"
1220	"Swiss French"
1990	"Swiss French"
1611	"Swiss French"
1429	"Swiss French"
458	"Swiss French"
496	"Swiss French"
2079	"Swiss French"
165	"Swiss French"
1408	"Swiss French"
2072	"Swiss French"
335	"Swiss French"
2112	"Swiss French"
2123	"Swiss French"
1647	"Swiss French"
1456	"Swiss French"
1214	"Swiss French"
1933	"Swiss French"
996	"Swiss French"
2046	"Swiss French"
672	"Swiss French"
1502	"Swiss French"
1427	"Swiss French"
921	"Swiss French"
902	"Swiss French"
700	"Swiss French"
1850	"Swiss French"
1439	"Swiss French"
24	"Swiss French"
1714	"Swiss French"
1168	"Swiss French"
526	"Swiss French"
897	"Swiss French"
1831	"Swiss French"
383	"Swiss French"
204	"Swiss French"
1054	"Swiss French"
771	"Swiss French"
2132	"Swiss French"
654	"Swiss French"
1348	"Swiss French"
476	"Swiss French"
924	"Swiss French"
363	"Swiss French"
254	"Swiss French"
1706	"Swiss French"
130	"Swiss French"
218	"Swiss French"
123	"Swiss French"
1340	"Swiss French"
815	"Swiss French"
2248	"Swiss French"
1201	"Swiss French"
1898	"Swiss French"
189	"Swiss French"
645	"Swiss French"
276	"Swiss French"
465	"Swiss French"
601	"Swiss French"
959	"Swiss French"
433	"Swiss French"
461	"Swiss French"
985	"Swiss French"
373	"Swiss French"
257	"Swiss French"
86	"Swiss French"
1334	"Swiss French"
426	"Swiss French"
891	"Swiss French"
561	"Swiss French"
2100	"Swiss French"
661	"Swiss French"
1327	"Swiss French"
175	"Swiss French"
2166	"Swiss French"
1102	"Swiss French"
1323	"Swiss French"
1562	"Swiss French"
1936	"Swiss French"
491	"Swiss French"
1116	"Swiss French"
798	"Swiss French"
154	"Swiss French"
262	"Swiss French"
810	"Swiss French"
1917	"Swiss French"
2007	"Swiss French"
1931	"Swiss French"
2054	"Swiss French"
513	"Swiss French"
1619	"Swiss French"
1858	"Swiss French"
1265	"Swiss French"
485	"Swiss French"
589	"Swiss French"
876	"Swiss French"
681	"Swiss French"
1322	"Swiss French"
929	"Swiss French"
749	"Swiss French"
1781	"Swiss French"
816	"Swiss French"
1455	"Swiss French"
1825	"Swiss French"
783	"Swiss French"
503	"Swiss French"
1128	"Swiss French"
2246	"Swiss French"
288	"Swiss French"
978	"Swiss French"
1114	"Swiss French"
1370	"Swiss French"
1572	"Swiss French"
1688	"Swiss French"
2164	"Swiss French"
858	"Swiss French"
16	"Swiss French"
2105	"Swiss French"
355	"Swiss French"
83	"Swiss German"
951	"Swiss German"
1507	"Swiss German"
2045	"Swiss German"
1320	"Swiss German"
1967	"Swiss German"
568	"Swiss German"
139	"Swiss German"
979	"Swiss German"
1926	"Swiss German"
622	"Swiss German"
543	"Swiss German"
958	"Swiss German"
2221	"Swiss German"
2220	"Swiss German"
1952	"Swiss German"
974	"Swiss German"
853	"Swiss German"
1878	"Swiss German"
1033	"Swiss German"
74	"Swiss German"
1050	"Swiss German"
1664	"Swiss German"
1574	"Swiss German"
2103	"Swiss German"
158	"Swiss German"
1527	"Swiss German"
1402	"Swiss German"
78	"Swiss German"
549	"Swiss German"
610	"Swiss German"
1719	"Swiss German"
1721	"Swiss German"
168	"Swiss German"
1105	"Swiss German"
1615	"Swiss German"
1018	"Swiss German"
2037	"Swiss German"
925	"Swiss German"
1134	"Swiss German"
278	"Swiss German"
65	"Swiss German"
763	"Swiss German"
1419	"Swiss German"
820	"Swiss German"
1921	"Swiss German"
818	"Swiss German"
271	"Swiss German"
1052	"Swiss German"
1302	"Swiss German"
69	"Swiss German"
1140	"Swiss German"
1814	"Swiss German"
284	"Swiss German"
765	"Swiss German"
454	"Swiss German"
679	"Swiss German"
396	"Swiss German"
846	"Swiss German"
1148	"Swiss German"
1999	"Swiss German"
1472	"Swiss German"
1074	"Swiss German"
1123	"Swiss German"
1346	"Swiss German"
689	"Swiss German"
144	"Swiss German"
1398	"Swiss German"
583	"Swiss German"
1418	"Swiss German"
598	"Swiss German"
1876	"Swiss German"
1202	"Swiss German"
118	"Swiss German"
2017	"Swiss German"
1208	"Swiss German"
1065	"Swiss German"
1426	"Swiss German"
519	"Swiss German"
228	"Swiss German"
2097	"Swiss German"
2225	"Swiss German"
1117	"Swiss German"
333	"Swiss German"
22	"Swiss German"
1769	"Swiss German"
910	"Swiss German"
1736	"Swiss German"
1557	"Swiss German"
1110	"Swiss German"
2209	"Swiss German"
171	"Swiss German"
39	"Swiss German"
199	"Swiss German"
1066	"Swiss German"
1830	"Swiss German"
1070	"Swiss German"
1312	"Swiss German"
448	"Swiss German"
463	"Swiss German"
1676	"Swiss German"
1305	"Swiss German"
1798	"Swiss German"
2062	"Switzerland"
1275	"Switzerland"
1306	"Switzerland"
539	"Switzerland"
376	"Switzerland"
2117	"Switzerland"
1244	"Switzerland"
887	"Switzerland"
422	"Switzerland"
1071	"Switzerland"
2099	"Switzerland"
1854	"Switzerland"
264	"Switzerland"
1461	"Switzerland"
76	"Switzerland"
12	"Switzerland"
1539	"Switzerland"
1856	"Turkey"
2031	"Turkey"
1267	"Turkey"
419	"Turkey"
631	"Ukraine"
2003	"United Kingdom"
896	"United Kingdom"
1657	"United Kingdom"
449	"United Kingdom"
2215	"United Kingdom"
859	"United Kingdom"
1045	"United Kingdom"
554	"United Kingdom"
1845	"United Kingdom"
1954	"United Kingdom"
956	"United Kingdom"
443	"United Kingdom"
936	"United Kingdom"
2193	"United Kingdom"
2090	"United Kingdom"
1495	"United Kingdom"
250	"United Kingdom"
2028	"United Kingdom"
1239	"United Kingdom"
745	"United Kingdom"
2012	"United Kingdom"
2168	"United Kingdom"
1269	"United Kingdom"
337	"United Kingdom"
23	"United Kingdom"
808	"United Kingdom"
1644	"United Kingdom"
1324	"United Kingdom"
182	"United Kingdom"
244	"United Kingdom"
1077	"United Kingdom"
1164	"United Kingdom"
1782	"United Kingdom"
909	"United Kingdom"
1861	"United Kingdom"
146	"United Kingdom"
372	"United Kingdom"
1137	"United Kingdom"
1762	"United Kingdom"
594	"United Kingdom"
1437	"United Kingdom"
1061	"United Kingdom"
1683	"United Kingdom"
895	"United Kingdom"
174	"United Kingdom"
1019	"United Kingdom"
1820	"United Kingdom"
711	"United Kingdom"
1145	"United Kingdom"
1196	"United Kingdom"
2023	"United Kingdom"
1817	"United Kingdom"
72	"United Kingdom"
753	"United Kingdom"
2019	"United Kingdom"
1903	"United Kingdom"
2057	"United Kingdom"
580	"United Kingdom"
592	"United Kingdom"
435	"United Kingdom"
1813	"United Kingdom"
1976	"United Kingdom"
89	"United Kingdom"
986	"United Kingdom"
2129	"United Kingdom"
1444	"United Kingdom"
1594	"United Kingdom"
402	"United Kingdom"
1994	"United Kingdom"
94	"United Kingdom"
695	"United Kingdom"
708	"United Kingdom"
2014	"United Kingdom"
272	"United Kingdom"
453	"United Kingdom"
1183	"United Kingdom"
1678	"United Kingdom"
1630	"United Kingdom"
194	"United Kingdom"
1389	"United Kingdom"
1119	"United Kingdom"
207	"United Kingdom"
173	"United Kingdom"
1922	"United Kingdom"
1523	"United Kingdom"
2126	"United Kingdom"
478	"United Kingdom"
605	"United Kingdom"
1548	"United Kingdom"
731	"United Kingdom"
488	"United Kingdom"
347	"United Kingdom"
920	"United Kingdom"
1046	"United Kingdom"
1534	"United Kingdom"
1889	"United Kingdom"
628	"United Kingdom"
482	"United Kingdom"
705	"United Kingdom"
701	"United Kingdom"
440	"United Kingdom"
1352	"United Kingdom"
1249	"United Kingdom"
602	"United Kingdom"
1828	"United Kingdom"
1094	"United Kingdom"
1618	"United Kingdom"
1421	"United Kingdom"
726	"United Kingdom"
928	"United Kingdom"
1274	"United Kingdom"
1166	"United Kingdom"
730	"United Kingdom"
2119	"United Kingdom"
786	"United Kingdom"
1729	"United Kingdom"
883	"United Kingdom"
734	"United Kingdom"
1043	"United Kingdom"
2160	"United Kingdom"
1229	"United Kingdom"
1667	"United Kingdom"
1256	"United Kingdom"
1804	"United Kingdom"
473	"United Kingdom"
1157	"United Kingdom"
334	"United Kingdom"
1843	"United Kingdom"
547	"United Kingdom"
179	"United Kingdom"
1246	"United Kingdom"
1919	"United Kingdom"
2121	"United Kingdom"
1629	"United Kingdom"
114	"United Kingdom"
555	"United Kingdom"
2004	"United Kingdom"
316	"United Kingdom"
1290	"United Kingdom"
1076	"United Kingdom"
399	"United Kingdom"
2244	"United Kingdom"
1233	"United Kingdom"
1080	"United Kingdom"
1276	"United Kingdom"
2136	"United Kingdom"
1036	"United Kingdom"
1325	"United Kingdom"
995	"United Kingdom"
1406	"United Kingdom"
885	"United Kingdom"
1833	"United Kingdom"
7	"United Kingdom"
1838	"United Kingdom"
1407	"United Kingdom"
1632	"United Kingdom"
2001	"United Kingdom"
2034	"United Kingdom"
46	"United Kingdom"
1521	"United Kingdom"
2070	"United Kingdom"
682	"United Kingdom"
339	"United Kingdom"
773	"United Kingdom"
1410	"United Kingdom"
1592	"United Kingdom"
2077	"United Kingdom"
948	"United Kingdom"
391	"United Kingdom"
1564	"United Kingdom"
523	"United Kingdom"
1965	"United Kingdom"
840	"United Kingdom"
2138	"United Kingdom"
2114	"United Kingdom"
425	"United Kingdom"
2152	"United Kingdom"
1689	"United Kingdom"
2102	"United Kingdom"
1097	"United Kingdom"
1347	"United Kingdom"
1224	"United Kingdom"
1944	"United Kingdom"
1913	"United Kingdom"
358	"United Kingdom"
2055	"United Kingdom"
2208	"United Kingdom"
1892	"United Kingdom"
538	"United Kingdom"
2182	"United Kingdom"
346	"United Kingdom"
674	"United Kingdom"
1459	"United Kingdom"
788	"United Kingdom"
1424	"United Kingdom"
1385	"United Kingdom"
1409	"United Kingdom"
1759	"United Kingdom"
1910	"United Kingdom"
2006	"United Kingdom"
1810	"United Kingdom"
2214	"United Kingdom"
398	"United Kingdom"
1932	"United Kingdom"
1801	"United Kingdom"
1679	"United Kingdom"
1542	"United Kingdom"
1823	"United Kingdom"
691	"United Kingdom"
1003	"United Kingdom"
635	"United Kingdom"
886	"United Kingdom"
1336	"United Kingdom"
2060	"United Kingdom"
1162	"United Kingdom"
865	"United Kingdom"
1465	"United Kingdom"
1384	"United Kingdom"
584	"United Kingdom"
267	"United Kingdom"
55	"United Kingdom"
1150	"United Kingdom"
1303	"United Kingdom"
529	"United Kingdom"
121	"United Kingdom"
1868	"United Kingdom"
1625	"United Kingdom"
1124	"United Kingdom"
1682	"United Kingdom"
1713	"United Kingdom"
129	"United Kingdom"
1666	"United Kingdom"
805	"United Kingdom"
1599	"United Kingdom"
867	"United Kingdom"
1697	"United Kingdom"
1028	"United Kingdom"
467	"United Kingdom"
1143	"United Kingdom"
136	"United Kingdom"
1660	"United Kingdom"
1939	"United Kingdom"
2256	"United Kingdom"
2	"United Kingdom"
2224	"United Kingdom"
510	"United Kingdom"
352	"United Kingdom"
351	"United Kingdom"
668	"United Kingdom"
2067	"United Kingdom"
1466	"United Kingdom"
2157	"United Kingdom"
1282	"United Kingdom"
394	"United Kingdom"
2043	"United Kingdom"
1225	"United Kingdom"
1815	"United Kingdom"
2111	"United Kingdom"
48	"United Kingdom"
1533	"United Kingdom"
1855	"United Kingdom"
1758	"United Kingdom"
839	"United Kingdom"
53	"United Kingdom"
1058	"United Kingdom"
1720	"United Kingdom"
8	"United Kingdom"
1004	"United Kingdom"
2250	"United Kingdom"
10	"United Kingdom"
1852	"United Kingdom"
2135	"United Kingdom"
649	"United Kingdom"
2038	"United Kingdom"
411	"United Kingdom"
1860	"United Kingdom"
1570	"United Kingdom"
232	"United Kingdom"
115	"United Kingdom"
962	"United Kingdom"
1497	"United Kingdom"
1474	"United Kingdom"
680	"United Kingdom"
29	"United Kingdom"
1081	"United Kingdom"
696	"United Kingdom"
2018	"United Kingdom"
866	"United Kingdom"
825	"United Kingdom"
2237	"United Kingdom"
1044	"United Kingdom"
823	"United Kingdom"
1836	"United Kingdom"
269	"United Kingdom"
1394	"United Kingdom"
870	"United Kingdom"
1193	"United Kingdom"
993	"United Kingdom"
1884	"United Kingdom"
1099	"United Kingdom"
1915	"United Kingdom"
903	"United Kingdom"
2030	"United Kingdom"
2118	"United Kingdom"
2212	"United Kingdom"
287	"United Kingdom"
1658	"United Kingdom"
844	"United Kingdom"
1774	"United Kingdom"
957	"United Kingdom"
1328	"United Kingdom"
732	"United Kingdom"
1715	"United Kingdom"
1680	"United Kingdom"
332	"United Kingdom"
2081	"United Kingdom"
804	"United Kingdom"
354	"United Kingdom"
475	"United Kingdom"
407	"United Kingdom"
216	"United Kingdom"
1289	"United Kingdom"
2226	"United Kingdom"
590	"United Kingdom"
662	"United Kingdom"
1381	"United Kingdom"
930	"United Kingdom"
1457	"United Kingdom"
1987	"United Kingdom"
1554	"United Kingdom"
2127	"United Kingdom"
238	"United Kingdom"
243	"United Kingdom"
457	"United Kingdom"
1165	"United Kingdom"
600	"United Kingdom"
1677	"United Kingdom"
1330	"United Kingdom"
728	"United Kingdom"
841	"United Kingdom"
131	"United Kingdom"
201	"United Kingdom"
103	"United Kingdom"
1367	"United Kingdom"
2184	"United Kingdom"
801	"United Kingdom"
462	"United Kingdom"
1661	"United Kingdom"
180	"United Kingdom"
1908	"United Kingdom"
1485	"United Kingdom"
1702	"United Kingdom"
81	"United Kingdom"
452	"United Kingdom"
137	"United Kingdom"
1573	"United Kingdom"
953	"United Kingdom"
923	"United Kingdom"
261	"Yugoslavia"
736	"Yugoslavia"
420	"Yugoslavia"
429	"Yugoslavia"
143	"Yugoslavia"
1577	"Yugoslavia"
1449	"Yugoslavia"
852	"Yugoslavia"
502	"Yugoslavia"
77	"Yugoslavia"
